{"cameraMode":{"drawMode":0,"name":"Shaded","section":"Shading Mode"},"sceneLighting":false,"audioPlay":false,"sceneViewState":{"m_AlwaysRefresh":false,"showFog":true,"showSkybox":false,"showFlares":true,"showImageEffects":true,"showParticleSystems":true,"showVisualEffectGraphs":true,"m_FxEnabled":true},"in2DMode":false,"pivot":{"x":13.710000038146973,"y":2.1700000762939455,"z":68.86000061035156},"rotation":{"x":0.5906611680984497,"y":0.004176429472863674,"z":-0.002931032096967101,"w":0.8070294857025147},"size":1.7320507764816285,"orthographic":false}