{"cameraMode":{"drawMode":0,"name":"Shaded","section":"Shading Mode"},"sceneLighting":true,"audioPlay":false,"sceneViewState":{"m_AlwaysRefresh":false,"showFog":true,"showSkybox":true,"showFlares":true,"showImageEffects":true,"showParticleSystems":true,"showVisualEffectGraphs":true,"m_FxEnabled":true},"in2DMode":false,"pivot":{"x":42.14472198486328,"y":-13.066397666931153,"z":38.97399139404297},"rotation":{"x":0.4116247594356537,"y":0.009064683690667153,"z":-0.003985703457146883,"w":0.9114087224006653},"size":33.22470474243164,"orthographic":false}