{"cameraMode":{"drawMode":0,"name":"Shaded","section":"Shading Mode"},"sceneLighting":true,"audioPlay":false,"sceneViewState":{"m_AlwaysRefresh":false,"showFog":true,"showSkybox":true,"showFlares":true,"showImageEffects":true,"showParticleSystems":true,"showVisualEffectGraphs":true,"m_FxEnabled":true},"in2DMode":false,"pivot":{"x":49.01630783081055,"y":-4.43681526184082,"z":34.875099182128909},"rotation":{"x":0.6517330408096314,"y":0.006666184868663549,"z":-0.005593906156718731,"w":0.758531391620636},"size":41.192081451416019,"orthographic":false}