{"cameraMode":{"drawMode":0,"name":"Shaded","section":"Shading Mode"},"sceneLighting":true,"audioPlay":false,"sceneViewState":{"m_AlwaysRefresh":false,"showFog":true,"showSkybox":true,"showFlares":true,"showImageEffects":true,"showParticleSystems":true,"showVisualEffectGraphs":true,"m_FxEnabled":true},"in2DMode":false,"pivot":{"x":-0.03182581067085266,"y":5.958287715911865,"z":28.186065673828126},"rotation":{"x":0.1748967468738556,"y":0.6918674111366272,"z":-0.17856833338737489,"w":0.6774817705154419},"size":32.868892669677737,"orthographic":false}