{"cameraMode":{"drawMode":0,"name":"Shaded","section":"Shading Mode"},"sceneLighting":true,"audioPlay":false,"sceneViewState":{"m_AlwaysRefresh":false,"showFog":true,"showSkybox":true,"showFlares":true,"showImageEffects":true,"showParticleSystems":true,"showVisualEffectGraphs":true,"m_FxEnabled":true},"in2DMode":false,"pivot":{"x":41.29145050048828,"y":-10.020999908447266,"z":42.44746780395508},"rotation":{"x":0.4116247594356537,"y":0.009064683690667153,"z":-0.003985703457146883,"w":0.9114087224006653},"size":45.86036682128906,"orthographic":false}