{"cameraMode":{"drawMode":0,"name":"Shaded","section":"Shading Mode"},"sceneLighting":true,"audioPlay":false,"sceneViewState":{"m_AlwaysRefresh":false,"showFog":true,"showSkybox":true,"showFlares":true,"showImageEffects":true,"showParticleSystems":true,"showVisualEffectGraphs":true,"m_FxEnabled":true},"in2DMode":false,"pivot":{"x":43.17488479614258,"y":-151.1486053466797,"z":120.70429992675781},"rotation":{"x":0.4808310270309448,"y":0.0010521967196837068,"z":-0.0005771605647169054,"w":0.876816987991333},"size":127.03553771972656,"orthographic":false}