{"cameraMode":{"drawMode":0,"name":"Shaded","section":"Shading Mode"},"sceneLighting":true,"audioPlay":false,"sceneViewState":{"m_AlwaysRefresh":false,"showFog":true,"showSkybox":true,"showFlares":true,"showImageEffects":true,"showParticleSystems":true,"showVisualEffectGraphs":true,"m_FxEnabled":true},"in2DMode":false,"pivot":{"x":33.354007720947269,"y":2.8756561279296877,"z":57.34354019165039},"rotation":{"x":0.19670842587947846,"y":-0.002353126183152199,"z":0.0004720141878351569,"w":0.9804602861404419},"size":7.6560235023498539,"orthographic":false}