{"cameraMode":{"drawMode":0,"name":"Shaded","section":"Shading Mode"},"sceneLighting":true,"audioPlay":false,"sceneViewState":{"m_AlwaysRefresh":false,"showFog":true,"showSkybox":true,"showFlares":true,"showImageEffects":true,"showParticleSystems":true,"showVisualEffectGraphs":true,"m_FxEnabled":true},"in2DMode":false,"pivot":{"x":0.0363694429397583,"y":0.00434720516204834,"z":-0.04254889488220215},"rotation":{"x":0.16761529445648194,"y":-0.7105157375335693,"z":0.1806698590517044,"w":0.6591379642486572},"size":2.8815371990203859,"orthographic":false}