{"cameraMode":{"drawMode":0,"name":"Shaded","section":"Shading Mode"},"sceneLighting":true,"audioPlay":false,"sceneViewState":{"m_AlwaysRefresh":false,"showFog":true,"showSkybox":true,"showFlares":true,"showImageEffects":true,"showParticleSystems":true,"showVisualEffectGraphs":true,"m_FxEnabled":true},"in2DMode":false,"pivot":{"x":47.06818771362305,"y":-13.33389949798584,"z":43.57947540283203},"rotation":{"x":0.46492260694503786,"y":-0.012748305685818196,"z":0.006695202086120844,"w":0.8852372169494629},"size":41.84420394897461,"orthographic":false}