{"cameraMode":{"drawMode":0,"name":"Shaded","section":"Shading Mode"},"sceneLighting":true,"audioPlay":false,"sceneViewState":{"m_AlwaysRefresh":false,"showFog":true,"showSkybox":true,"showFlares":true,"showImageEffects":true,"showParticleSystems":true,"showVisualEffectGraphs":true,"m_FxEnabled":true},"in2DMode":false,"pivot":{"x":15.526256561279297,"y":-0.4601282477378845,"z":81.59741973876953},"rotation":{"x":0.13908272981643678,"y":0.02408544346690178,"z":-0.003386798547580838,"w":0.9899855852127075},"size":11.859781265258789,"orthographic":false}